@odata.mediaContentType,Id,Name,ContentType,ContentLength,OriginDate,PublicationDate,ModificationDate,Online,EvictionDate,S3Path,Checksum,ContentDate,Footprint,GeoFootprint,StartDate,EndDate,ContentSize_MB
application/octet-stream,0d940872-544f-45c6-b700-979282eb799c,S1A_IW_ETA__AXDV_20230722T141632_20230722T141659_049537_05F4E5_2D88.SAFE,application/octet-stream,75186356,2023-10-18T13:40:23.342000Z,2023-11-10T08:14:56.728503Z,2024-03-20T15:06:03.162381Z,True,9999-12-31T23:59:59.999999Z,/eodata/Sentinel-1/AUX/IW_ETA__AX/2023/07/22/S1A_IW_ETA__AXDV_20230722T141632_20230722T141659_049537_05F4E5_2D88.SAFE,"[{'Value': 'bf726a01654662ed68b75e925f8b1705', 'Algorithm': 'MD5', 'ChecksumDate': '2024-03-20T15:06:02.804926Z'}, {'Value': '232a2c4bedbbe45b2baa587b03aad1a4bc3d3e0736d018b92ae1eed5db5498c2', 'Algorithm': 'BLAKE3', 'ChecksumDate': '2024-03-20T15:06:02.946412Z'}]","{'Start': '2023-07-22T14:16:32.580645Z', 'End': '2023-07-22T14:16:59.648094Z'}","geography'SRID=4326;POLYGON ((-121.988 36.3756, -121.592 38.0034, -124.462 38.4014, -124.794 36.7751, -121.988 36.3756))'","{'type': 'Polygon', 'coordinates': [[[-121.988, 36.3756], [-121.592, 38.0034], [-124.462, 38.4014], [-124.794, 36.7751], [-121.988, 36.3756]]]}",2023-07-22 14:16:32.580645+00:00,2023-07-22 14:16:59.648094+00:00,71.70329666137695
application/octet-stream,be0365b4-ab9a-4298-855e-bafb4a1f2121,S1A_IW_ETA__AXDV_20230729T020752_20230729T020819_049632_05F7DA_5155.SAFE,application/octet-stream,80380816,2023-10-18T19:01:24.183000Z,2023-11-11T03:44:30.655895Z,2024-03-20T15:46:45.903787Z,True,9999-12-31T23:59:59.999999Z,/eodata/Sentinel-1/AUX/IW_ETA__AX/2023/07/29/S1A_IW_ETA__AXDV_20230729T020752_20230729T020819_049632_05F7DA_5155.SAFE,"[{'Value': '8bf1a981081ff0acb9355718d02400ad', 'Algorithm': 'MD5', 'ChecksumDate': '2024-03-20T15:46:45.572944Z'}, {'Value': 'ac4ffbce6634012329bc9b3b8fb4cfc1517133b6a3a3e6820941c03d4d28f28f', 'Algorithm': 'BLAKE3', 'ChecksumDate': '2024-03-20T15:46:45.765460Z'}]","{'Start': '2023-07-29T02:07:52.463343Z', 'End': '2023-07-29T02:08:19.501466Z'}","geography'SRID=4326;POLYGON ((-123.455 36.0415, -120.64 36.4442, -120.977 38.0681, -123.848 37.6678, -123.455 36.0415))'","{'type': 'Polygon', 'coordinates': [[[-123.455, 36.0415], [-120.64, 36.4442], [-120.977, 38.0681], [-123.848, 37.6678], [-123.455, 36.0415]]]}",2023-07-29 02:07:52.463343+00:00,2023-07-29 02:08:19.501466+00:00,76.65711975097656
application/octet-stream,e55bf152-5863-4de5-baf1-56f48e3ec215,S1A_IW_ETA__AXDV_20230729T140809_20230729T140836_049639_05F813_FA83.SAFE,application/octet-stream,81639003,2023-10-18T19:36:23.452000Z,2023-11-10T12:23:41.239040Z,2024-03-20T15:13:02.390168Z,True,9999-12-31T23:59:59.999999Z,/eodata/Sentinel-1/AUX/IW_ETA__AX/2023/07/29/S1A_IW_ETA__AXDV_20230729T140809_20230729T140836_049639_05F813_FA83.SAFE,"[{'Value': '83b575bf892c6c6956346730975d6779', 'Algorithm': 'MD5', 'ChecksumDate': '2024-03-20T15:13:02.069388Z'}, {'Value': '699b220f22aceaaa7f1168ee5a9ea80a30f15ebda5a8168fdef67990fc0befa2', 'Algorithm': 'BLAKE3', 'ChecksumDate': '2024-03-20T15:13:02.211636Z'}]","{'Start': '2023-07-29T14:08:09.208211Z', 'End': '2023-07-29T14:08:36.275660Z'}","geography'SRID=4326;POLYGON ((-119.781 36.9755, -119.414 38.6078, -122.276 39.0006, -122.607 37.3742, -119.781 36.9755))'","{'type': 'Polygon', 'coordinates': [[[-119.781, 36.9755], [-119.414, 38.6078], [-122.276, 39.0006], [-122.607, 37.3742], [-119.781, 36.9755]]]}",2023-07-29 14:08:09.208211+00:00,2023-07-29 14:08:36.275660+00:00,77.8570203781128
application/octet-stream,7571355d-114c-461e-8035-a4eb451f43ad,S1A_IW_ETA__AXDV_20230810T020752_20230810T020819_049807_05FD62_198E.SAFE,application/octet-stream,79814770,2023-10-19T08:30:56.616000Z,2023-11-11T00:39:55.735093Z,2024-03-20T15:39:15.395240Z,True,9999-12-31T23:59:59.999999Z,/eodata/Sentinel-1/AUX/IW_ETA__AX/2023/08/10/S1A_IW_ETA__AXDV_20230810T020752_20230810T020819_049807_05FD62_198E.SAFE,"[{'Value': 'd00c65cbe63566e0d6b5b4897bbc6a6e', 'Algorithm': 'MD5', 'ChecksumDate': '2024-03-20T15:39:15.055610Z'}, {'Value': '365a9813b01c89da7cecec2e9db67ca1a8b695d9d1b543905c5221f905f1ffaf', 'Algorithm': 'BLAKE3', 'ChecksumDate': '2024-03-20T15:39:15.220132Z'}]","{'Start': '2023-08-10T02:07:52.228739Z', 'End': '2023-08-10T02:08:19.296188Z'}","geography'SRID=4326;POLYGON ((-123.451 36.0411, -120.636 36.4438, -120.974 38.0695, -123.845 37.6692, -123.451 36.0411))'","{'type': 'Polygon', 'coordinates': [[[-123.451, 36.0411], [-120.636, 36.4438], [-120.974, 38.0695], [-123.845, 37.6692], [-123.451, 36.0411]]]}",2023-08-10 02:07:52.228739+00:00,2023-08-10 02:08:19.296188+00:00,76.11729621887207
application/octet-stream,a932d4a5-85c1-4538-b55f-ab26cb63d990,S1A_IW_ETA__AXDV_20230810T140809_20230810T140836_049814_05FD9D_CD7D.SAFE,application/octet-stream,81846869,2023-10-19T08:52:57.755000Z,2023-11-11T00:27:43.455650Z,2024-03-20T15:38:46.094370Z,True,9999-12-31T23:59:59.999999Z,/eodata/Sentinel-1/AUX/IW_ETA__AX/2023/08/10/S1A_IW_ETA__AXDV_20230810T140809_20230810T140836_049814_05FD9D_CD7D.SAFE,"[{'Value': 'c2966b85012bd413cb9dd856f1f10fe9', 'Algorithm': 'MD5', 'ChecksumDate': '2024-03-20T15:38:45.743409Z'}, {'Value': '725aa23355be108dd155ed651029ab366a3924ebac31bb44935d6c6ee96714fb', 'Algorithm': 'BLAKE3', 'ChecksumDate': '2024-03-20T15:38:45.940161Z'}]","{'Start': '2023-08-10T14:08:09.120235Z', 'End': '2023-08-10T14:08:36.158358Z'}","geography'SRID=4326;POLYGON ((-119.776 36.9759, -119.41 38.6065, -122.272 38.9993, -122.603 37.3747, -119.776 36.9759))'","{'type': 'Polygon', 'coordinates': [[[-119.776, 36.9759], [-119.41, 38.6065], [-122.272, 38.9993], [-122.603, 37.3747], [-119.776, 36.9759]]]}",2023-08-10 14:08:09.120235+00:00,2023-08-10 14:08:36.158358+00:00,78.0552568435669
application/octet-stream,40047938-2b1f-4fbe-9d89-f607904e7449,S1A_IW_ETA__AXDV_20230815T141633_20230815T141700_049887_060020_1FA6.SAFE,application/octet-stream,76024000,2023-10-19T12:41:53.412000Z,2023-11-09T13:54:35.652776Z,2024-03-20T14:36:37.418578Z,True,9999-12-31T23:59:59.999999Z,/eodata/Sentinel-1/AUX/IW_ETA__AX/2023/08/15/S1A_IW_ETA__AXDV_20230815T141633_20230815T141700_049887_060020_1FA6.SAFE,"[{'Value': 'c666f04d37152c4f65319125de068798', 'Algorithm': 'MD5', 'ChecksumDate': '2024-03-20T14:36:37.137774Z'}, {'Value': 'ce2424a79d1e7f47820e8867cf516bfcd7778d04ba4fe195abb55ec116bb7e2f', 'Algorithm': 'BLAKE3', 'ChecksumDate': '2024-03-20T14:36:37.271629Z'}]","{'Start': '2023-08-15T14:16:33.724340Z', 'End': '2023-08-15T14:17:00.791789Z'}","geography'SRID=4326;POLYGON ((-121.986 36.3773, -121.59 38.005, -124.46 38.4031, -124.792 36.7768, -121.986 36.3773))'","{'type': 'Polygon', 'coordinates': [[[-121.986, 36.3773], [-121.59, 38.005], [-124.46, 38.4031], [-124.792, 36.7768], [-121.986, 36.3773]]]}",2023-08-15 14:16:33.724340+00:00,2023-08-15 14:17:00.791789+00:00,72.50213623046875
application/octet-stream,272fc6a2-8bef-43c0-8480-6bdc6ae9eb36,S1A_IW_ETA__AXDV_20230822T020753_20230822T020820_049982_06035D_3BB1.SAFE,application/octet-stream,80242747,2023-10-19T17:11:23.312000Z,2023-11-10T19:42:08.561842Z,2024-03-20T15:26:19.853693Z,True,9999-12-31T23:59:59.999999Z,/eodata/Sentinel-1/AUX/IW_ETA__AX/2023/08/22/S1A_IW_ETA__AXDV_20230822T020753_20230822T020820_049982_06035D_3BB1.SAFE,"[{'Value': '8e58a5d534450a0dedef9f04d0c6c300', 'Algorithm': 'MD5', 'ChecksumDate': '2024-03-20T15:26:19.582977Z'}, {'Value': '12fc2e463aec71234bf6dfbb8a37da2889418796a3ee4bb1b25f246346ce49ed', 'Algorithm': 'BLAKE3', 'ChecksumDate': '2024-03-20T15:26:19.718823Z'}]","{'Start': '2023-08-22T02:07:53.577713Z', 'End': '2023-08-22T02:08:20.615836Z'}","geography'SRID=4326;POLYGON ((-123.454 36.0417, -120.638 36.4444, -120.976 38.0683, -123.847 37.668, -123.454 36.0417))'","{'type': 'Polygon', 'coordinates': [[[-123.454, 36.0417], [-120.638, 36.4444], [-120.976, 38.0683], [-123.847, 37.668], [-123.454, 36.0417]]]}",2023-08-22 02:07:53.577713+00:00,2023-08-22 02:08:20.615836+00:00,76.52544689178467
application/octet-stream,0abe8492-84a8-45f2-8707-a4aade713e3e,S1A_IW_ETA__AXDV_20230822T140810_20230822T140837_049989_06039A_DC97.SAFE,application/octet-stream,81115932,2023-10-19T17:33:23.439000Z,2023-11-10T19:29:42.474710Z,2024-03-20T15:25:48.272830Z,True,9999-12-31T23:59:59.999999Z,/eodata/Sentinel-1/AUX/IW_ETA__AX/2023/08/22/S1A_IW_ETA__AXDV_20230822T140810_20230822T140837_049989_06039A_DC97.SAFE,"[{'Value': '9c2c94ab6417bd354ec249613d86726d', 'Algorithm': 'MD5', 'ChecksumDate': '2024-03-20T15:25:48.027430Z'}, {'Value': '42b0e826125e38e852068c53c67b127ebc492afbfc19ee63609bfe0591040377', 'Algorithm': 'BLAKE3', 'ChecksumDate': '2024-03-20T15:25:48.165652Z'}]","{'Start': '2023-08-22T14:08:10.381232Z', 'End': '2023-08-22T14:08:37.419355Z'}","geography'SRID=4326;POLYGON ((-119.779 36.9756, -119.413 38.6063, -122.275 38.9991, -122.606 37.3744, -119.779 36.9756))'","{'type': 'Polygon', 'coordinates': [[[-119.779, 36.9756], [-119.413, 38.6063], [-122.275, 38.9991], [-122.606, 37.3744], [-119.779, 36.9756]]]}",2023-08-22 14:08:10.381232+00:00,2023-08-22 14:08:37.419355+00:00,77.35818099975586
application/octet-stream,455cd635-7bae-4242-8674-52e4f4f7e6be,S1A_IW_ETA__AXDV_20230827T141634_20230827T141701_050062_06061F_2E0C.SAFE,application/octet-stream,75490610,2023-10-19T22:37:53.353000Z,2023-11-10T16:33:55.615160Z,2024-03-20T15:20:01.825449Z,True,9999-12-31T23:59:59.999999Z,/eodata/Sentinel-1/AUX/IW_ETA__AX/2023/08/27/S1A_IW_ETA__AXDV_20230827T141634_20230827T141701_050062_06061F_2E0C.SAFE,"[{'Value': '22ac9d2adfee4f3b981f625415f60760', 'Algorithm': 'MD5', 'ChecksumDate': '2024-03-20T15:20:01.354385Z'}, {'Value': 'b48b759958e6dd9684ce8c82e943436a9419cbd5c79e9829e75a0a099588b968', 'Algorithm': 'BLAKE3', 'ChecksumDate': '2024-03-20T15:20:01.490217Z'}]","{'Start': '2023-08-27T14:16:34.604106Z', 'End': '2023-08-27T14:17:01.671554Z'}","geography'SRID=4326;POLYGON ((-121.987 36.3768, -121.592 38.0045, -124.461 38.4026, -124.793 36.7763, -121.987 36.3768))'","{'type': 'Polygon', 'coordinates': [[[-121.987, 36.3768], [-121.592, 38.0045], [-124.461, 38.4026], [-124.793, 36.7763], [-121.987, 36.3768]]]}",2023-08-27 14:16:34.604106+00:00,2023-08-27 14:17:01.671554+00:00,71.99345588684082
application/octet-stream,1e4ced1f-8ff0-4a94-b34a-260a1b956732,S1A_IW_ETA__AXDV_20230903T020754_20230903T020821_050157_06095E_3AB8.SAFE,application/octet-stream,80184829,2023-10-20T03:59:57.228000Z,2023-11-10T10:25:36.054796Z,2024-03-20T15:09:57.251750Z,True,9999-12-31T23:59:59.999999Z,/eodata/Sentinel-1/AUX/IW_ETA__AX/2023/09/03/S1A_IW_ETA__AXDV_20230903T020754_20230903T020821_050157_06095E_3AB8.SAFE,"[{'Value': '61c41341bf91d14f04504306f72ce663', 'Algorithm': 'MD5', 'ChecksumDate': '2024-03-20T15:09:56.931282Z'}, {'Value': '4b2c84705cde95b41e9746de6d8164d69b3f3c2ddacf376a341a4e4b3e56af5a', 'Algorithm': 'BLAKE3', 'ChecksumDate': '2024-03-20T15:09:57.101769Z'}]","{'Start': '2023-09-03T02:07:54.545455Z', 'End': '2023-09-03T02:08:21.612903Z'}","geography'SRID=4326;POLYGON ((-123.454 36.0405, -120.639 36.4432, -120.977 38.0688, -123.848 37.6685, -123.454 36.0405))'","{'type': 'Polygon', 'coordinates': [[[-123.454, 36.0405], [-120.639, 36.4432], [-120.977, 38.0688], [-123.848, 37.6685], [-123.454, 36.0405]]]}",2023-09-03 02:07:54.545455+00:00,2023-09-03 02:08:21.612903+00:00,76.47021198272705
application/octet-stream,9b2d6839-37b4-4024-aa48-82008062a430,S1A_IW_ETA__AXDV_20230903T140811_20230903T140838_050164_06099B_F356.SAFE,application/octet-stream,80845833,2023-10-20T04:22:23.912000Z,2023-11-10T10:00:29.897120Z,2024-03-20T15:09:06.343404Z,True,9999-12-31T23:59:59.999999Z,/eodata/Sentinel-1/AUX/IW_ETA__AX/2023/09/03/S1A_IW_ETA__AXDV_20230903T140811_20230903T140838_050164_06099B_F356.SAFE,"[{'Value': '6404176e2776b0355ce28dfe035dbbd6', 'Algorithm': 'MD5', 'ChecksumDate': '2024-03-20T15:09:06.020971Z'}, {'Value': '619500671225f8927c89e2ec34c81d380823f329892d5321a1d64a69c2dcf1c9', 'Algorithm': 'BLAKE3', 'ChecksumDate': '2024-03-20T15:09:06.208559Z'}]","{'Start': '2023-09-03T14:08:11.319648Z', 'End': '2023-09-03T14:08:38.357771Z'}","geography'SRID=4326;POLYGON ((-119.78 36.9768, -119.414 38.6074, -122.276 39.0002, -122.607 37.3756, -119.78 36.9768))'","{'type': 'Polygon', 'coordinates': [[[-119.78, 36.9768], [-119.414, 38.6074], [-122.276, 39.0002], [-122.607, 37.3756], [-119.78, 36.9768]]]}",2023-09-03 14:08:11.319648+00:00,2023-09-03 14:08:38.357771+00:00,77.10059452056885
application/octet-stream,50ea8dea-af7b-4000-9337-8bb10e990870,S1A_IW_ETA__AXDV_20230908T141635_20230908T141702_050237_060C11_8C49.SAFE,application/octet-stream,75533600,2023-10-20T07:59:57.030000Z,2023-11-10T05:41:08.367517Z,2024-03-20T15:01:46.326976Z,True,9999-12-31T23:59:59.999999Z,/eodata/Sentinel-1/AUX/IW_ETA__AX/2023/09/08/S1A_IW_ETA__AXDV_20230908T141635_20230908T141702_050237_060C11_8C49.SAFE,"[{'Value': '360d7394f805be8c45d2faf7f28bf2de', 'Algorithm': 'MD5', 'ChecksumDate': '2024-03-20T15:01:46.053736Z'}, {'Value': '65519632a02e2a98256c2ea9145c5569a0b0f736204a84a0b68bf0ec20db6cc8', 'Algorithm': 'BLAKE3', 'ChecksumDate': '2024-03-20T15:01:46.199869Z'}]","{'Start': '2023-09-08T14:16:35.102639Z', 'End': '2023-09-08T14:17:02.170088Z'}","geography'SRID=4326;POLYGON ((-121.986 36.3778, -121.59 38.0055, -124.461 38.4037, -124.792 36.7773, -121.986 36.3778))'","{'type': 'Polygon', 'coordinates': [[[-121.986, 36.3778], [-121.59, 38.0055], [-124.461, 38.4037], [-124.792, 36.7773], [-121.986, 36.3778]]]}",2023-09-08 14:16:35.102639+00:00,2023-09-08 14:17:02.170088+00:00,72.03445434570312
application/octet-stream,4f91898e-b4bf-477f-898c-c98ec3ea3d4b,S1A_IW_ETA__AXDV_20230915T020754_20230915T020821_050332_060F4A_520A.SAFE,application/octet-stream,80979351,2023-10-20T12:46:25.877000Z,2023-11-10T00:00:48.830880Z,2024-03-20T14:52:12.898897Z,True,9999-12-31T23:59:59.999999Z,/eodata/Sentinel-1/AUX/IW_ETA__AX/2023/09/15/S1A_IW_ETA__AXDV_20230915T020754_20230915T020821_050332_060F4A_520A.SAFE,"[{'Value': '8a8a40779885f55346b280e79f208485', 'Algorithm': 'MD5', 'ChecksumDate': '2024-03-20T14:52:12.646621Z'}, {'Value': '087a257a9f8152aa6b5841f6e7246b122d7af9e650ad0203964c22cb21500b61', 'Algorithm': 'BLAKE3', 'ChecksumDate': '2024-03-20T14:52:12.781491Z'}]","{'Start': '2023-09-15T02:07:54.868035Z', 'End': '2023-09-15T02:08:21.906158Z'}","geography'SRID=4326;POLYGON ((-123.452 36.0401, -120.638 36.4427, -120.975 38.0666, -123.846 37.6664, -123.452 36.0401))'","{'type': 'Polygon', 'coordinates': [[[-123.452, 36.0401], [-120.638, 36.4427], [-120.975, 38.0666], [-123.846, 37.6664], [-123.452, 36.0401]]]}",2023-09-15 02:07:54.868035+00:00,2023-09-15 02:08:21.906158+00:00,77.22792720794678
application/octet-stream,bba2821f-ff2b-4f3c-b1cd-793fba73b4d8,S1A_IW_ETA__AXDV_20230915T140811_20230915T140838_050339_060F86_4F1F.SAFE,application/octet-stream,82602408,2023-10-20T13:06:27.898000Z,2023-11-09T23:33:40.293098Z,2024-03-20T14:51:28.910713Z,True,9999-12-31T23:59:59.999999Z,/eodata/Sentinel-1/AUX/IW_ETA__AX/2023/09/15/S1A_IW_ETA__AXDV_20230915T140811_20230915T140838_050339_060F86_4F1F.SAFE,"[{'Value': 'b88d0e3a2f3189c88d0e98542ebc1c9c', 'Algorithm': 'MD5', 'ChecksumDate': '2024-03-20T14:51:28.407235Z'}, {'Value': '234eaabf25b6b0161e45ef416590e5e4d854506e71929898a70ac9e00cccbfad', 'Algorithm': 'BLAKE3', 'ChecksumDate': '2024-03-20T14:51:28.584150Z'}]","{'Start': '2023-09-15T14:08:11.671554Z', 'End': '2023-09-15T14:08:38.709677Z'}","geography'SRID=4326;POLYGON ((-119.779 36.9777, -119.413 38.6082, -122.276 39.001, -122.606 37.3764, -119.779 36.9777))'","{'type': 'Polygon', 'coordinates': [[[-119.779, 36.9777], [-119.413, 38.6082], [-122.276, 39.001], [-122.606, 37.3764], [-119.779, 36.9777]]]}",2023-09-15 14:08:11.671554+00:00,2023-09-15 14:08:38.709677+00:00,78.77579498291016
application/octet-stream,175243ea-05e2-468e-ac13-55feeecf6797,S1A_IW_ETA__AXDV_20230920T141635_20230920T141702_050412_061208_035A.SAFE,application/octet-stream,75336327,2023-10-20T16:42:23.888000Z,2023-11-09T18:44:41.877395Z,2024-03-20T14:43:48.997240Z,True,9999-12-31T23:59:59.999999Z,/eodata/Sentinel-1/AUX/IW_ETA__AX/2023/09/20/S1A_IW_ETA__AXDV_20230920T141635_20230920T141702_050412_061208_035A.SAFE,"[{'Value': '8aa08b3b4ef8f2a036bceec52a00f301', 'Algorithm': 'MD5', 'ChecksumDate': '2024-03-20T14:43:48.706007Z'}, {'Value': '5aecbc7d86dca6a4acad1be7822b26bb5215dddc0ba3565ab3f39d275f659f08', 'Algorithm': 'BLAKE3', 'ChecksumDate': '2024-03-20T14:43:48.842727Z'}]","{'Start': '2023-09-20T14:16:35.366569Z', 'End': '2023-09-20T14:17:02.434018Z'}","geography'SRID=4326;POLYGON ((-121.986 36.3773, -121.59 38.005, -124.461 38.4031, -124.793 36.7768, -121.986 36.3773))'","{'type': 'Polygon', 'coordinates': [[[-121.986, 36.3773], [-121.59, 38.005], [-124.461, 38.4031], [-124.793, 36.7768], [-121.986, 36.3773]]]}",2023-09-20 14:16:35.366569+00:00,2023-09-20 14:17:02.434018+00:00,71.84632015228271
application/octet-stream,6080636c-6a92-4928-9432-2b6a31406aff,S1A_IW_ETA__AXDV_20230927T020755_20230927T020822_050507_061548_5A28.SAFE,application/octet-stream,80671329,2023-10-17T17:22:14.551000Z,2023-10-27T09:56:25.454815Z,2024-03-20T13:49:33.531392Z,True,9999-12-31T23:59:59.999999Z,/eodata/Sentinel-1/AUX/IW_ETA__AX/2023/09/27/S1A_IW_ETA__AXDV_20230927T020755_20230927T020822_050507_061548_5A28.SAFE,"[{'Value': 'b441e4d9fb58b4a3c1e3a6f4357d11d6', 'Algorithm': 'MD5', 'ChecksumDate': '2024-03-20T13:49:33.236630Z'}, {'Value': '8d296e2d76d7fd4a247ff05b369b01e686b03acbf16940b00efac0994611ee52', 'Algorithm': 'BLAKE3', 'ChecksumDate': '2024-03-20T13:49:33.384352Z'}]","{'Start': '2023-09-27T02:07:55.219941Z', 'End': '2023-09-27T02:08:22.258065Z'}","geography'SRID=4326;POLYGON ((-123.454 36.041, -120.639 36.4437, -120.977 38.0675, -123.848 37.6673, -123.454 36.041))'","{'type': 'Polygon', 'coordinates': [[[-123.454, 36.041], [-120.639, 36.4437], [-120.977, 38.0675], [-123.848, 37.6673], [-123.454, 36.041]]]}",2023-09-27 02:07:55.219941+00:00,2023-09-27 02:08:22.258065+00:00,76.93417453765869
application/octet-stream,abf49f0b-69ee-442e-b45c-07d11b3672c6,S1A_IW_ETA__AXDV_20230927T140811_20230927T140838_050514_061584_B906.SAFE,application/octet-stream,81964052,2023-10-18T05:13:14.889000Z,2023-10-27T10:02:07.700959Z,2024-03-20T13:54:53.976329Z,True,9999-12-31T23:59:59.999999Z,/eodata/Sentinel-1/AUX/IW_ETA__AX/2023/09/27/S1A_IW_ETA__AXDV_20230927T140811_20230927T140838_050514_061584_B906.SAFE,"[{'Value': '6f4a760b8253c204aa1046a4401192ae', 'Algorithm': 'MD5', 'ChecksumDate': '2024-03-20T13:54:53.698478Z'}, {'Value': 'e202f89e6d3ca7edf56a3ec5afca63fb8f5adbab3d649377da72f54f3c03a4b5', 'Algorithm': 'BLAKE3', 'ChecksumDate': '2024-03-20T13:54:53.843317Z'}]","{'Start': '2023-09-27T14:08:11.876833Z', 'End': '2023-09-27T14:08:38.914956Z'}","geography'SRID=4326;POLYGON ((-119.779 36.9778, -119.413 38.6083, -122.275 39.0012, -122.606 37.3765, -119.779 36.9778))'","{'type': 'Polygon', 'coordinates': [[[-119.779, 36.9778], [-119.413, 38.6083], [-122.275, 39.0012], [-122.606, 37.3765], [-119.779, 36.9778]]]}",2023-09-27 14:08:11.876833+00:00,2023-09-27 14:08:38.914956+00:00,78.16701126098633
application/octet-stream,da4afd4b-0008-469c-943b-c646378b5d64,S1A_IW_ETA__AXDV_20231002T141635_20231002T141702_050587_06180A_FFAE.SAFE,application/octet-stream,74906823,2023-10-23T07:01:44.785000Z,2023-10-27T10:46:35.667754Z,2024-03-20T14:14:30.252024Z,True,9999-12-31T23:59:59.999999Z,/eodata/Sentinel-1/AUX/IW_ETA__AX/2023/10/02/S1A_IW_ETA__AXDV_20231002T141635_20231002T141702_050587_06180A_FFAE.SAFE,"[{'Value': '7930ed95669f12f3ec5f1ef03e1a846d', 'Algorithm': 'MD5', 'ChecksumDate': '2024-03-20T14:14:29.947607Z'}, {'Value': 'cb0e11d0ad2a47a668fbe6ca574a55a8011d9ae4eaf9bdc289d66cac497fa9bf', 'Algorithm': 'BLAKE3', 'ChecksumDate': '2024-03-20T14:14:30.091202Z'}]","{'Start': '2023-10-02T14:16:35.777126Z', 'End': '2023-10-02T14:17:02.844575Z'}","geography'SRID=4326;POLYGON ((-121.987 36.3766, -121.591 38.0043, -124.461 38.4025, -124.793 36.7761, -121.987 36.3766))'","{'type': 'Polygon', 'coordinates': [[[-121.987, 36.3766], [-121.591, 38.0043], [-124.461, 38.4025], [-124.793, 36.7761], [-121.987, 36.3766]]]}",2023-10-02 14:16:35.777126+00:00,2023-10-02 14:17:02.844575+00:00,71.43671321868896
application/octet-stream,d5c38ffb-9caa-4ad2-ba6c-1b3b4ab82fcf,S1A_IW_ETA__AXDV_20231009T020755_20231009T020822_050682_061B4B_1713.SAFE,application/octet-stream,79650109,2023-10-29T17:07:14.791000Z,2023-10-29T17:12:48.544046Z,2024-03-20T14:20:44.392806Z,True,9999-12-31T23:59:59.999999Z,/eodata/Sentinel-1/AUX/IW_ETA__AX/2023/10/09/S1A_IW_ETA__AXDV_20231009T020755_20231009T020822_050682_061B4B_1713.SAFE,"[{'Value': 'd51890950c7a7e147e4f2d78daadf61b', 'Algorithm': 'MD5', 'ChecksumDate': '2024-03-20T14:20:44.098969Z'}, {'Value': 'de19956feb7622e7ac06500122976c3857bad4ba1d9b6266fc73a2ecd20e0653', 'Algorithm': 'BLAKE3', 'ChecksumDate': '2024-03-20T14:20:44.281627Z'}]","{'Start': '2023-10-09T02:07:55.219941Z', 'End': '2023-10-09T02:08:22.258065Z'}","geography'SRID=4326;POLYGON ((-123.454 36.0414, -120.639 36.4441, -120.977 38.068, -123.848 37.6677, -123.454 36.0414))'","{'type': 'Polygon', 'coordinates': [[[-123.454, 36.0414], [-120.639, 36.4441], [-120.977, 38.068], [-123.848, 37.6677], [-123.454, 36.0414]]]}",2023-10-09 02:07:55.219941+00:00,2023-10-09 02:08:22.258065+00:00,75.9602632522583
application/octet-stream,ea2223fe-5916-4018-be03-05144c234d43,S1A_IW_ETA__AXDV_20231009T140811_20231009T140838_050689_061B86_95E1.SAFE,application/octet-stream,81275441,2023-10-30T05:20:46.361000Z,2023-10-30T05:26:45.183302Z,2024-03-20T14:21:14.116706Z,True,9999-12-31T23:59:59.999999Z,/eodata/Sentinel-1/AUX/IW_ETA__AX/2023/10/09/S1A_IW_ETA__AXDV_20231009T140811_20231009T140838_050689_061B86_95E1.SAFE,"[{'Value': 'fd362be463b83ae12fc7c21a9f694420', 'Algorithm': 'MD5', 'ChecksumDate': '2024-03-20T14:21:13.790285Z'}, {'Value': '39507084a508ad083e20cfc057d62b6a6c8d63214c425eb60fc3dd708611107e', 'Algorithm': 'BLAKE3', 'ChecksumDate': '2024-03-20T14:21:13.937230Z'}]","{'Start': '2023-10-09T14:08:11.906158Z', 'End': '2023-10-09T14:08:38.944282Z'}","geography'SRID=4326;POLYGON ((-119.778 36.9772, -119.412 38.6078, -122.274 39.0006, -122.605 37.376, -119.778 36.9772))'","{'type': 'Polygon', 'coordinates': [[[-119.778, 36.9772], [-119.412, 38.6078], [-122.274, 39.0006], [-122.605, 37.376], [-119.778, 36.9772]]]}",2023-10-09 14:08:11.906158+00:00,2023-10-09 14:08:38.944282+00:00,77.5103006362915
application/octet-stream,32695f48-9b21-4c97-b32a-6e9e3810e76a,S1A_IW_ETA__AXDV_20231014T141635_20231014T141702_050762_061E0B_B698.SAFE,application/octet-stream,75707308,2023-11-04T05:26:52.404000Z,2023-11-04T05:32:15.450009Z,2024-03-20T14:26:51.868427Z,True,9999-12-31T23:59:59.999999Z,/eodata/Sentinel-1/AUX/IW_ETA__AX/2023/10/14/S1A_IW_ETA__AXDV_20231014T141635_20231014T141702_050762_061E0B_B698.SAFE,"[{'Value': 'c252dbc6c39861d673a084e8780facaa', 'Algorithm': 'MD5', 'ChecksumDate': '2024-03-20T14:26:51.591879Z'}, {'Value': '3e718103d414b3a3ef4ad3286520bb303c6bb0b362b2cab5fb002a391d55cce5', 'Algorithm': 'BLAKE3', 'ChecksumDate': '2024-03-20T14:26:51.729179Z'}]","{'Start': '2023-10-14T14:16:35.659824Z', 'End': '2023-10-14T14:17:02.727273Z'}","geography'SRID=4326;POLYGON ((-121.986 36.378, -121.59 38.0058, -124.46 38.4039, -124.792 36.7776, -121.986 36.378))'","{'type': 'Polygon', 'coordinates': [[[-121.986, 36.378], [-121.59, 38.0058], [-124.46, 38.4039], [-124.792, 36.7776], [-121.986, 36.378]]]}",2023-10-14 14:16:35.659824+00:00,2023-10-14 14:17:02.727273+00:00,72.20011520385742
application/octet-stream,73787a7e-ec2e-4573-abaa-6fc7b2644756,S1A_IW_ETA__AXDV_20231021T020755_20231021T020822_050857_06213D_312C.SAFE,application/octet-stream,80112305,2023-11-10T17:21:44.660000Z,2023-11-10T17:27:25.463484Z,2024-03-20T15:21:30.779668Z,True,9999-12-31T23:59:59.999999Z,/eodata/Sentinel-1/AUX/IW_ETA__AX/2023/10/21/S1A_IW_ETA__AXDV_20231021T020755_20231021T020822_050857_06213D_312C.SAFE,"[{'Value': '3cb13b87b797099b4ecda16e456a1e61', 'Algorithm': 'MD5', 'ChecksumDate': '2024-03-20T15:21:30.499514Z'}, {'Value': '030c0374ba94fe5d3a8e065e780c52040c8ac5189ff2bf656700d181520c991f', 'Algorithm': 'BLAKE3', 'ChecksumDate': '2024-03-20T15:21:30.635009Z'}]","{'Start': '2023-10-21T02:07:55.483871Z', 'End': '2023-10-21T02:08:22.521994Z'}","geography'SRID=4326;POLYGON ((-123.456 36.042, -120.641 36.4447, -120.978 38.0686, -123.85 37.6682, -123.456 36.042))'","{'type': 'Polygon', 'coordinates': [[[-123.456, 36.042], [-120.641, 36.4447], [-120.978, 38.0686], [-123.85, 37.6682], [-123.456, 36.042]]]}",2023-10-21 02:07:55.483871+00:00,2023-10-21 02:08:22.521994+00:00,76.401047706604
application/octet-stream,9b110d80-409c-4486-83b0-e8cd7b97135e,S1A_IW_ETA__AXDV_20231021T140812_20231021T140839_050864_062179_A117.SAFE,application/octet-stream,81676214,2023-11-11T05:29:15.348000Z,2023-11-11T05:34:30.512040Z,2024-03-20T15:48:34.723564Z,True,9999-12-31T23:59:59.999999Z,/eodata/Sentinel-1/AUX/IW_ETA__AX/2023/10/21/S1A_IW_ETA__AXDV_20231021T140812_20231021T140839_050864_062179_A117.SAFE,"[{'Value': '6236f289eb8a7731d8c7b0e1dfecfd1b', 'Algorithm': 'MD5', 'ChecksumDate': '2024-03-20T15:48:34.452680Z'}, {'Value': 'c5ae2ead55778fb6403a98529ad3a4f9bb5fed5a0e2500d220e1656d7be37afb', 'Algorithm': 'BLAKE3', 'ChecksumDate': '2024-03-20T15:48:34.590300Z'}]","{'Start': '2023-10-21T14:08:12.228739Z', 'End': '2023-10-21T14:08:39.266862Z'}","geography'SRID=4326;POLYGON ((-119.779 36.9773, -119.413 38.6078, -122.276 39.0007, -122.606 37.3761, -119.779 36.9773))'","{'type': 'Polygon', 'coordinates': [[[-119.779, 36.9773], [-119.413, 38.6078], [-122.276, 39.0007], [-122.606, 37.3761], [-119.779, 36.9773]]]}",2023-10-21 14:08:12.228739+00:00,2023-10-21 14:08:39.266862+00:00,77.89250755310059
application/octet-stream,43429fee-eec7-4a6a-8843-1e73ad38f672,S1A_IW_ETA__AXDV_20231102T020754_20231102T020821_051032_062742_41B1.SAFE,application/octet-stream,80272639,2023-11-22T17:16:44.613000Z,2023-11-22T17:22:11.871359Z,2024-03-20T15:59:48.157345Z,True,9999-12-31T23:59:59.999999Z,/eodata/Sentinel-1/AUX/IW_ETA__AX/2023/11/02/S1A_IW_ETA__AXDV_20231102T020754_20231102T020821_051032_062742_41B1.SAFE,"[{'Value': '24dd0144feab587ca6296e1055a24bf1', 'Algorithm': 'MD5', 'ChecksumDate': '2024-03-20T15:59:47.823550Z'}, {'Value': 'f094af392dfd191ccb4526ec3d642fc91eb1d3daa17fa203f8e9b5fd4f145af8', 'Algorithm': 'BLAKE3', 'ChecksumDate': '2024-03-20T15:59:48.011512Z'}]","{'Start': '2023-11-02T02:07:54.633431Z', 'End': '2023-11-02T02:08:21.700880Z'}","geography'SRID=4326;POLYGON ((-123.453 36.0396, -120.638 36.4424, -120.975 38.068, -123.847 37.6677, -123.453 36.0396))'","{'type': 'Polygon', 'coordinates': [[[-123.453, 36.0396], [-120.638, 36.4424], [-120.975, 38.068], [-123.847, 37.6677], [-123.453, 36.0396]]]}",2023-11-02 02:07:54.633431+00:00,2023-11-02 02:08:21.700880+00:00,76.55395412445068
application/octet-stream,feeeabbd-f76a-4877-aa3e-6b904823b87a,S1A_IW_ETA__AXDV_20231102T140811_20231102T140838_051039_06277B_1DF0.SAFE,application/octet-stream,81490385,2023-11-23T05:16:44.630000Z,2023-11-23T05:22:23.371121Z,2024-03-20T16:00:40.821257Z,True,9999-12-31T23:59:59.999999Z,/eodata/Sentinel-1/AUX/IW_ETA__AX/2023/11/02/S1A_IW_ETA__AXDV_20231102T140811_20231102T140838_051039_06277B_1DF0.SAFE,"[{'Value': '58358068f167826e0002f44516799e95', 'Algorithm': 'MD5', 'ChecksumDate': '2024-03-20T16:00:40.551877Z'}, {'Value': '45d9957b2bc6962a098f100bfdca544a050776ce34b26ccdd98bdaea466bcdf8', 'Algorithm': 'BLAKE3', 'ChecksumDate': '2024-03-20T16:00:40.702352Z'}]","{'Start': '2023-11-02T14:08:11.495601Z', 'End': '2023-11-02T14:08:38.533724Z'}","geography'SRID=4326;POLYGON ((-119.778 36.9776, -119.412 38.6081, -122.274 39.001, -122.605 37.3764, -119.778 36.9776))'","{'type': 'Polygon', 'coordinates': [[[-119.778, 36.9776], [-119.412, 38.6081], [-122.274, 39.001], [-122.605, 37.3764], [-119.778, 36.9776]]]}",2023-11-02 14:08:11.495601+00:00,2023-11-02 14:08:38.533724+00:00,77.71528720855713
application/octet-stream,75f401d7-3043-4c46-8d47-25473247a52f,S1A_IW_ETA__AXDV_20231114T020754_20231114T020821_051207_062D4A_EB36.SAFE,application/octet-stream,80314661,2023-12-04T17:04:46.883000Z,2023-12-04T17:10:32.511984Z,2024-03-20T17:09:25.528442Z,True,9999-12-31T23:59:59.999999Z,/eodata/Sentinel-1/AUX/IW_ETA__AX/2023/11/14/S1A_IW_ETA__AXDV_20231114T020754_20231114T020821_051207_062D4A_EB36.SAFE,"[{'Value': 'd4bf1be30723d1eb2adc164c305e80d3', 'Algorithm': 'MD5', 'ChecksumDate': '2024-03-20T17:09:25.261391Z'}, {'Value': '78ac4428fe46d430f1290d626050b1aee85a7b6f9a95caa1a9c6a7f9d411e850', 'Algorithm': 'BLAKE3', 'ChecksumDate': '2024-03-20T17:09:25.394057Z'}]","{'Start': '2023-11-14T02:07:54.868035Z', 'End': '2023-11-14T02:08:21.906158Z'}","geography'SRID=4326;POLYGON ((-123.455 36.042, -120.639 36.4448, -120.977 38.0686, -123.848 37.6683, -123.455 36.042))'","{'type': 'Polygon', 'coordinates': [[[-123.455, 36.042], [-120.639, 36.4448], [-120.977, 38.0686], [-123.848, 37.6683], [-123.455, 36.042]]]}",2023-11-14 02:07:54.868035+00:00,2023-11-14 02:08:21.906158+00:00,76.5940294265747
application/octet-stream,5ccdf4b0-ea66-4688-b7d2-ee31cca65502,S1A_IW_ETA__AXDV_20231114T140811_20231114T140838_051214_062D88_8416.SAFE,application/octet-stream,81862094,2023-12-05T05:26:14.651000Z,2023-12-05T05:31:49.190817Z,2024-03-20T16:13:32.462979Z,True,9999-12-31T23:59:59.999999Z,/eodata/Sentinel-1/AUX/IW_ETA__AX/2023/11/14/S1A_IW_ETA__AXDV_20231114T140811_20231114T140838_051214_062D88_8416.SAFE,"[{'Value': '9601e7cc42b60c81fb8203804a140316', 'Algorithm': 'MD5', 'ChecksumDate': '2024-03-20T16:13:32.103968Z'}, {'Value': '5af8ee3516e1426add6968a9a0537fdda033c060ebe9f028fe968352fb2ccf23', 'Algorithm': 'BLAKE3', 'ChecksumDate': '2024-03-20T16:13:32.308957Z'}]","{'Start': '2023-11-14T14:08:11.612903Z', 'End': '2023-11-14T14:08:38.651026Z'}","geography'SRID=4326;POLYGON ((-119.78 36.9767, -119.414 38.6072, -122.276 39.0001, -122.607 37.3755, -119.78 36.9767))'","{'type': 'Polygon', 'coordinates': [[[-119.78, 36.9767], [-119.414, 38.6072], [-122.276, 39.0001], [-122.607, 37.3755], [-119.78, 36.9767]]]}",2023-11-14 14:08:11.612903+00:00,2023-11-14 14:08:38.651026+00:00,78.06977653503418
application/octet-stream,d174924a-2639-4d64-91a5-9af8127f0a90,S1A_IW_ETA__AXDV_20231119T141635_20231119T141702_051287_063010_E484.SAFE,application/octet-stream,75399175,2023-12-10T05:20:44.368000Z,2023-12-10T05:26:16.555146Z,2024-03-20T16:19:10.507793Z,True,9999-12-31T23:59:59.999999Z,/eodata/Sentinel-1/AUX/IW_ETA__AX/2023/11/19/S1A_IW_ETA__AXDV_20231119T141635_20231119T141702_051287_063010_E484.SAFE,"[{'Value': '2c80028035f85e8ab2bf2dfd34c80686', 'Algorithm': 'MD5', 'ChecksumDate': '2024-03-20T16:19:10.169990Z'}, {'Value': 'cea3719c8f43dd948f92d5ff53bc7e238d4b82461738f78c026b84cb1a9a5e26', 'Algorithm': 'BLAKE3', 'ChecksumDate': '2024-03-20T16:19:10.349043Z'}]","{'Start': '2023-11-19T14:16:35.190616Z', 'End': '2023-11-19T14:17:02.258065Z'}","geography'SRID=4326;POLYGON ((-121.987 36.3765, -121.591 38.0042, -124.461 38.4024, -124.793 36.7761, -121.987 36.3765))'","{'type': 'Polygon', 'coordinates': [[[-121.987, 36.3765], [-121.591, 38.0042], [-124.461, 38.4024], [-124.793, 36.7761], [-121.987, 36.3765]]]}",2023-11-19 14:16:35.190616+00:00,2023-11-19 14:17:02.258065+00:00,71.90625667572021
application/octet-stream,38d4b0d4-4aa4-4980-8979-7fa18efbb485,S1A_IW_ETA__AXDV_20231126T020754_20231126T020821_051382_063351_7544.SAFE,application/octet-stream,80318840,2023-12-16T16:55:08.093000Z,2023-12-16T17:00:34.442421Z,2024-03-20T17:09:52.950568Z,True,9999-12-31T23:59:59.999999Z,/eodata/Sentinel-1/AUX/IW_ETA__AX/2023/11/26/S1A_IW_ETA__AXDV_20231126T020754_20231126T020821_051382_063351_7544.SAFE,"[{'Value': 'db71c105949efae73dfe1f420e2a49ee', 'Algorithm': 'MD5', 'ChecksumDate': '2024-03-20T17:09:52.684625Z'}, {'Value': 'd63ab92fef68fd6243418038b0f7393171a7673c32b1f8a6e08137f819d6f82c', 'Algorithm': 'BLAKE3', 'ChecksumDate': '2024-03-20T17:09:52.824524Z'}]","{'Start': '2023-11-26T02:07:54.105572Z', 'End': '2023-11-26T02:08:21.143695Z'}","geography'SRID=4326;POLYGON ((-123.454 36.0426, -120.638 36.4454, -120.976 38.0692, -123.847 37.6689, -123.454 36.0426))'","{'type': 'Polygon', 'coordinates': [[[-123.454, 36.0426], [-120.638, 36.4454], [-120.976, 38.0692], [-123.847, 37.6689], [-123.454, 36.0426]]]}",2023-11-26 02:07:54.105572+00:00,2023-11-26 02:08:21.143695+00:00,76.59801483154297
application/octet-stream,bc981cc7-202d-4585-8f0e-f4d5bd4d6023,S1A_IW_ETA__AXDV_20231126T140810_20231126T140837_051389_06338C_4622.SAFE,application/octet-stream,82376794,2023-12-17T05:27:39.093000Z,2023-12-17T05:33:27.159773Z,2024-03-20T16:26:14.898182Z,True,9999-12-31T23:59:59.999999Z,/eodata/Sentinel-1/AUX/IW_ETA__AX/2023/11/26/S1A_IW_ETA__AXDV_20231126T140810_20231126T140837_051389_06338C_4622.SAFE,"[{'Value': 'e2f6629bd05c0512c5e3c019cdb40d44', 'Algorithm': 'MD5', 'ChecksumDate': '2024-03-20T16:26:14.531777Z'}, {'Value': '81d344c6cd68cd7be199f178b945a1a41aca86754e7f0a32de7213f6119a1c21', 'Algorithm': 'BLAKE3', 'ChecksumDate': '2024-03-20T16:26:14.726333Z'}]","{'Start': '2023-11-26T14:08:10.879765Z', 'End': '2023-11-26T14:08:37.917889Z'}","geography'SRID=4326;POLYGON ((-119.778 36.976, -119.413 38.6066, -122.275 38.9994, -122.605 37.3748, -119.778 36.976))'","{'type': 'Polygon', 'coordinates': [[[-119.778, 36.976], [-119.413, 38.6066], [-122.275, 38.9994], [-122.605, 37.3748], [-119.778, 36.976]]]}",2023-11-26 14:08:10.879765+00:00,2023-11-26 14:08:37.917889+00:00,78.56063270568848
application/octet-stream,925baa98-3316-44bc-bf11-9d822d1b1624,S1A_IW_ETA__AXDV_20231201T141634_20231201T141701_051462_06360A_9979.SAFE,application/octet-stream,75294083,2023-12-22T05:23:37.793000Z,2023-12-22T05:29:19.275065Z,2024-03-20T16:31:52.736298Z,True,9999-12-31T23:59:59.999999Z,/eodata/Sentinel-1/AUX/IW_ETA__AX/2023/12/01/S1A_IW_ETA__AXDV_20231201T141634_20231201T141701_051462_06360A_9979.SAFE,"[{'Value': '1c2626c5fa4dc9002c67ac6f7d81d205', 'Algorithm': 'MD5', 'ChecksumDate': '2024-03-20T16:31:52.462957Z'}, {'Value': '90f81e8578af58af4d7169ea7da6c07fc4a57cf5b165ad66e9ccc65278eb1a90', 'Algorithm': 'BLAKE3', 'ChecksumDate': '2024-03-20T16:31:52.600835Z'}]","{'Start': '2023-12-01T14:16:34.545455Z', 'End': '2023-12-01T14:17:01.612903Z'}","geography'SRID=4326;POLYGON ((-121.987 36.3757, -121.591 38.0034, -124.461 38.4016, -124.793 36.7753, -121.987 36.3757))'","{'type': 'Polygon', 'coordinates': [[[-121.987, 36.3757], [-121.591, 38.0034], [-124.461, 38.4016], [-124.793, 36.7753], [-121.987, 36.3757]]]}",2023-12-01 14:16:34.545455+00:00,2023-12-01 14:17:01.612903+00:00,71.80603313446045
application/octet-stream,08e5d89e-ffc6-4b1d-a1e0-4c3c370ece4e,S1A_IW_ETA__AXDV_20231208T020753_20231208T020820_051557_063958_D796.SAFE,application/octet-stream,79801677,2023-12-28T17:05:39.210000Z,2023-12-28T17:11:28.493458Z,2024-03-20T16:38:31.376580Z,True,9999-12-31T23:59:59.999999Z,/eodata/Sentinel-1/AUX/IW_ETA__AX/2023/12/08/S1A_IW_ETA__AXDV_20231208T020753_20231208T020820_051557_063958_D796.SAFE,"[{'Value': 'e2cc2a53208844b60bd7257411415bb6', 'Algorithm': 'MD5', 'ChecksumDate': '2024-03-20T16:38:31.025085Z'}, {'Value': '7e7b719538d073228fe46f02c16e8d54ea017740fd5e67a5b97517b61d010c93', 'Algorithm': 'BLAKE3', 'ChecksumDate': '2024-03-20T16:38:31.169986Z'}]","{'Start': '2023-12-08T02:07:53.958944Z', 'End': '2023-12-08T02:08:20.997067Z'}","geography'SRID=4326;POLYGON ((-123.456 36.0431, -120.64 36.4459, -120.978 38.0698, -123.849 37.6694, -123.456 36.0431))'","{'type': 'Polygon', 'coordinates': [[[-123.456, 36.0431], [-120.64, 36.4459], [-120.978, 38.0698], [-123.849, 37.6694], [-123.456, 36.0431]]]}",2023-12-08 02:07:53.958944+00:00,2023-12-08 02:08:20.997067+00:00,76.10480976104736
application/octet-stream,73a893e8-2deb-4668-9f45-bd6af14baae6,S1A_IW_ETA__AXDV_20231208T140810_20231208T140837_051564_063997_1854.SAFE,application/octet-stream,81795343,2023-12-29T05:00:37.932000Z,2023-12-29T06:37:04.969313Z,2024-03-20T16:39:01.733652Z,True,9999-12-31T23:59:59.999999Z,/eodata/Sentinel-1/AUX/IW_ETA__AX/2023/12/08/S1A_IW_ETA__AXDV_20231208T140810_20231208T140837_051564_063997_1854.SAFE,"[{'Value': 'df485bd3c01152bf0395f890c4dcaad0', 'Algorithm': 'MD5', 'ChecksumDate': '2024-03-20T16:39:02.079171Z'}, {'Value': 'bb6ae392adae8fa02dc7b67ad07f36c25760dda423f00e9e98760f64159a10fa', 'Algorithm': 'BLAKE3', 'ChecksumDate': '2024-03-20T16:39:02.219487Z'}]","{'Start': '2023-12-08T14:08:10.733138Z', 'End': '2023-12-08T14:08:37.771261Z'}","geography'SRID=4326;POLYGON ((-119.779 36.9758, -119.413 38.6064, -122.275 38.9993, -122.606 37.3747, -119.779 36.9758))'","{'type': 'Polygon', 'coordinates': [[[-119.779, 36.9758], [-119.413, 38.6064], [-122.275, 38.9993], [-122.606, 37.3747], [-119.779, 36.9758]]]}",2023-12-08 14:08:10.733138+00:00,2023-12-08 14:08:37.771261+00:00,78.00611782073975
application/octet-stream,350db3c6-5f7a-41bf-85b8-a010250d3f3b,S1A_IW_ETA__AXDV_20231213T141634_20231213T141701_051637_063C36_B2B0.SAFE,application/octet-stream,75344426,2024-01-03T05:23:07.915000Z,2024-01-03T05:29:14.431813Z,2024-03-20T16:44:48.236602Z,True,9999-12-31T23:59:59.999999Z,/eodata/Sentinel-1/AUX/IW_ETA__AX/2023/12/13/S1A_IW_ETA__AXDV_20231213T141634_20231213T141701_051637_063C36_B2B0.SAFE,"[{'Value': '9bd4a64d770a1bcbcab3ed43fda2e726', 'Algorithm': 'MD5', 'ChecksumDate': '2024-03-20T16:44:47.976488Z'}, {'Value': '4b7f808df8698f7c24e7e140d28f1408b9cc819cbc4a0c0cab5001bfba0b033b', 'Algorithm': 'BLAKE3', 'ChecksumDate': '2024-03-20T16:44:48.104993Z'}]","{'Start': '2023-12-13T14:16:34.252199Z', 'End': '2023-12-13T14:17:01.319648Z'}","geography'SRID=4326;POLYGON ((-121.988 36.3762, -121.592 38.0039, -124.462 38.402, -124.794 36.7757, -121.988 36.3762))'","{'type': 'Polygon', 'coordinates': [[[-121.988, 36.3762], [-121.592, 38.0039], [-124.462, 38.402], [-124.794, 36.7757], [-121.988, 36.3762]]]}",2023-12-13 14:16:34.252199+00:00,2023-12-13 14:17:01.319648+00:00,71.85404396057129
application/octet-stream,0842112b-9a7f-4504-9e17-7a17ad1d7d09,S1A_IW_ETA__AXDV_20231220T020752_20231220T020819_051732_063F76_E38D.SAFE,application/octet-stream,79779492,2024-01-09T17:43:09.226000Z,2024-01-09T17:48:53.585201Z,2024-03-20T16:51:45.478652Z,True,9999-12-31T23:59:59.999999Z,/eodata/Sentinel-1/AUX/IW_ETA__AX/2023/12/20/S1A_IW_ETA__AXDV_20231220T020752_20231220T020819_051732_063F76_E38D.SAFE,"[{'Value': 'ec7aad7fe98b6543bd31e3d02523fb3b', 'Algorithm': 'MD5', 'ChecksumDate': '2024-03-20T16:51:45.188506Z'}, {'Value': 'd014de41612c8ba19ac92f984b8a27b2b01a6d4649093429e81df7a8a4b092e3', 'Algorithm': 'BLAKE3', 'ChecksumDate': '2024-03-20T16:51:45.330860Z'}]","{'Start': '2023-12-20T02:07:52.903226Z', 'End': '2023-12-20T02:08:19.941349Z'}","geography'SRID=4326;POLYGON ((-123.453 36.0423, -120.638 36.445, -120.976 38.0689, -123.847 37.6685, -123.453 36.0423))'","{'type': 'Polygon', 'coordinates': [[[-123.453, 36.0423], [-120.638, 36.445], [-120.976, 38.0689], [-123.847, 37.6685], [-123.453, 36.0423]]]}",2023-12-20 02:07:52.903226+00:00,2023-12-20 02:08:19.941349+00:00,76.08365249633789
application/octet-stream,c1c23381-fbc5-47d0-bf3f-d7685f489eb9,S1A_IW_ETA__AXDV_20231220T140809_20231220T140836_051739_063FB4_5428.SAFE,application/octet-stream,81214261,2024-01-10T05:21:08.163000Z,2024-01-10T05:26:45.996977Z,2024-03-20T16:52:25.444002Z,True,9999-12-31T23:59:59.999999Z,/eodata/Sentinel-1/AUX/IW_ETA__AX/2023/12/20/S1A_IW_ETA__AXDV_20231220T140809_20231220T140836_051739_063FB4_5428.SAFE,"[{'Value': 'b8c1b966e6a05bc60dfc3785ee430ab5', 'Algorithm': 'MD5', 'ChecksumDate': '2024-03-20T16:52:25.195816Z'}, {'Value': '92c3384b8aa72de05ab4de7d6a2e896c541226a204b767ac345f88ca921e5194', 'Algorithm': 'BLAKE3', 'ChecksumDate': '2024-03-20T16:52:25.328193Z'}]","{'Start': '2023-12-20T14:08:09.501466Z', 'End': '2023-12-20T14:08:36.568915Z'}","geography'SRID=4326;POLYGON ((-119.777 36.9753, -119.411 38.6077, -122.272 39.0005, -122.604 37.3741, -119.777 36.9753))'","{'type': 'Polygon', 'coordinates': [[[-119.777, 36.9753], [-119.411, 38.6077], [-122.272, 39.0005], [-122.604, 37.3741], [-119.777, 36.9753]]]}",2023-12-20 14:08:09.501466+00:00,2023-12-20 14:08:36.568915+00:00,77.45195484161377
application/octet-stream,331fb451-9826-45d4-bca6-405532623f6d,S1A_IW_ETA__AXDV_20231225T141633_20231225T141700_051812_06423A_AC9F.SAFE,application/octet-stream,75995266,2024-01-15T05:38:08.467000Z,2024-01-15T05:44:17.605139Z,2024-03-20T16:57:24.279344Z,True,9999-12-31T23:59:59.999999Z,/eodata/Sentinel-1/AUX/IW_ETA__AX/2023/12/25/S1A_IW_ETA__AXDV_20231225T141633_20231225T141700_051812_06423A_AC9F.SAFE,"[{'Value': '349e3621c6f212bdaa360a8200406fc9', 'Algorithm': 'MD5', 'ChecksumDate': '2024-03-20T16:57:24.002437Z'}, {'Value': 'eba3f9f4d4f1e65a65a476fcd0fa84c2f64c82f4e8d5387f48a9d4f4f802e33f', 'Algorithm': 'BLAKE3', 'ChecksumDate': '2024-03-20T16:57:24.141628Z'}]","{'Start': '2023-12-25T14:16:33.284457Z', 'End': '2023-12-25T14:17:00.351906Z'}","geography'SRID=4326;POLYGON ((-121.986 36.376, -121.59 38.0037, -124.461 38.4018, -124.793 36.7755, -121.986 36.376))'","{'type': 'Polygon', 'coordinates': [[[-121.986, 36.376], [-121.59, 38.0037], [-124.461, 38.4018], [-124.793, 36.7755], [-121.986, 36.376]]]}",2023-12-25 14:16:33.284457+00:00,2023-12-25 14:17:00.351906+00:00,72.47473335266113
application/octet-stream,23bb4c46-2418-4f71-9e3a-ab2a7a89f6b1,S1A_IW_ETA__AXDV_20240101T020752_20240101T020819_051907_064575_F6EC.SAFE,application/octet-stream,80276557,2024-01-21T17:34:38.024000Z,2024-01-21T17:40:12.739958Z,2024-03-20T17:04:06.981643Z,True,9999-12-31T23:59:59.999999Z,/eodata/Sentinel-1/AUX/IW_ETA__AX/2024/01/01/S1A_IW_ETA__AXDV_20240101T020752_20240101T020819_051907_064575_F6EC.SAFE,"[{'Value': '9052555122768b714fe267994467ecd6', 'Algorithm': 'MD5', 'ChecksumDate': '2024-03-20T17:04:06.728045Z'}, {'Value': 'aef95f75fa18595a38aa6298d8218ccd9007a44c052d086818a510130cd3d8cc', 'Algorithm': 'BLAKE3', 'ChecksumDate': '2024-03-20T17:04:06.862119Z'}]","{'Start': '2024-01-01T02:07:52.697947Z', 'End': '2024-01-01T02:08:19.736070Z'}","geography'SRID=4326;POLYGON ((-123.456 36.0429, -120.64 36.4456, -120.978 38.0695, -123.85 37.6691, -123.456 36.0429))'","{'type': 'Polygon', 'coordinates': [[[-123.456, 36.0429], [-120.64, 36.4456], [-120.978, 38.0695], [-123.85, 37.6691], [-123.456, 36.0429]]]}",2024-01-01 02:07:52.697947+00:00,2024-01-01 02:08:19.736070+00:00,76.55769062042236
application/octet-stream,81b90858-775f-4f2c-9ca7-b083dce6fd03,S1A_IW_ETA__AXDV_20240106T141632_20240106T141659_051987_064837_DADF.SAFE,application/octet-stream,75080327,2024-01-27T05:28:37.955000Z,2024-01-27T05:34:22.096670Z,2024-01-27T05:34:23.527638Z,True,9999-12-31T23:59:59.999999Z,/eodata/Sentinel-1/AUX/IW_ETA__AX/2024/01/06/S1A_IW_ETA__AXDV_20240106T141632_20240106T141659_051987_064837_DADF.SAFE,"[{'Value': 'b8a88cc596a010efc469117433977b63', 'Algorithm': 'MD5', 'ChecksumDate': '2024-01-27T05:34:23.310807Z'}, {'Value': 'feb0f17236702454e7741bf5685767022d3b4eb92de2758238b6c8786a7300c8', 'Algorithm': 'BLAKE3', 'ChecksumDate': '2024-01-27T05:34:23.434592Z'}]","{'Start': '2024-01-06T14:16:32.873900Z', 'End': '2024-01-06T14:16:59.941349Z'}","geography'SRID=4326;POLYGON ((-121.987 36.3758, -121.591 38.0035, -124.461 38.4016, -124.793 36.7753, -121.987 36.3758))'","{'type': 'Polygon', 'coordinates': [[[-121.987, 36.3758], [-121.591, 38.0035], [-124.461, 38.4016], [-124.793, 36.7753], [-121.987, 36.3758]]]}",2024-01-06 14:16:32.873900+00:00,2024-01-06 14:16:59.941349+00:00,71.60217952728271
application/octet-stream,fe616c49-0c93-4a6f-bb14-b4754a047b6b,S1A_IW_ETA__AXDV_20240113T020751_20240113T020818_052082_064B71_6BC0.SAFE,application/octet-stream,80972085,2024-02-02T17:11:08.899000Z,2024-02-02T17:17:08.839040Z,2024-02-02T17:17:10.926737Z,True,9999-12-31T23:59:59.999999Z,/eodata/Sentinel-1/AUX/IW_ETA__AX/2024/01/13/S1A_IW_ETA__AXDV_20240113T020751_20240113T020818_052082_064B71_6BC0.SAFE,"[{'Value': '45898e811b48ce605dbe17f8c0b5ff64', 'Algorithm': 'MD5', 'ChecksumDate': '2024-02-02T17:17:10.586426Z'}, {'Value': '6a8fc3c48d89195b89038927e79cc70b1c05884f179a6f28222cceb3a978d04b', 'Algorithm': 'BLAKE3', 'ChecksumDate': '2024-02-02T17:17:10.783823Z'}]","{'Start': '2024-01-13T02:07:51.935484Z', 'End': '2024-01-13T02:08:18.973607Z'}","geography'SRID=4326;POLYGON ((-123.454 36.0432, -120.639 36.4459, -120.977 38.0698, -123.848 37.6694, -123.454 36.0432))'","{'type': 'Polygon', 'coordinates': [[[-123.454, 36.0432], [-120.639, 36.4459], [-120.977, 38.0698], [-123.848, 37.6694], [-123.454, 36.0432]]]}",2024-01-13 02:07:51.935484+00:00,2024-01-13 02:08:18.973607+00:00,77.22099781036377
application/octet-stream,32a19d66-b4dc-48b6-b3a4-d265ebab2e8e,S1A_IW_ETA__AXDV_20240113T140808_20240113T140835_052089_064BAF_94BE.SAFE,application/octet-stream,80710274,2024-02-03T05:16:37.947000Z,2024-02-03T05:22:52.965776Z,2024-02-03T05:22:55.024921Z,True,9999-12-31T23:59:59.999999Z,/eodata/Sentinel-1/AUX/IW_ETA__AX/2024/01/13/S1A_IW_ETA__AXDV_20240113T140808_20240113T140835_052089_064BAF_94BE.SAFE,"[{'Value': '0bfb6c0726ba19916f1ccbe9e52a65a6', 'Algorithm': 'MD5', 'ChecksumDate': '2024-02-03T05:22:54.597028Z'}, {'Value': '27dfa672d89bf6b6a42b92066c92ea63315ad0a93787ae5c8577e712a9b5c029', 'Algorithm': 'BLAKE3', 'ChecksumDate': '2024-02-03T05:22:54.787990Z'}]","{'Start': '2024-01-13T14:08:08.651026Z', 'End': '2024-01-13T14:08:35.689150Z'}","geography'SRID=4326;POLYGON ((-119.779 36.9763, -119.414 38.6069, -122.276 38.9998, -122.606 37.3751, -119.779 36.9763))'","{'type': 'Polygon', 'coordinates': [[[-119.779, 36.9763], [-119.414, 38.6069], [-122.276, 38.9998], [-122.606, 37.3751], [-119.779, 36.9763]]]}",2024-01-13 14:08:08.651026+00:00,2024-01-13 14:08:35.689150+00:00,76.97131538391113
application/octet-stream,f93975c2-ab53-4288-9ad6-f01e6c6a09c0,S1A_IW_ETA__AXDV_20240118T141632_20240118T141659_052162_064E27_B004.SAFE,application/octet-stream,74598384,2024-02-08T05:19:08.602000Z,2024-02-08T05:25:16.712417Z,2024-02-08T05:25:18.182952Z,True,9999-12-31T23:59:59.999999Z,/eodata/Sentinel-1/AUX/IW_ETA__AX/2024/01/18/S1A_IW_ETA__AXDV_20240118T141632_20240118T141659_052162_064E27_B004.SAFE,"[{'Value': '22805faf30f21669b774ce7cd259a241', 'Algorithm': 'MD5', 'ChecksumDate': '2024-02-08T05:25:17.942914Z'}, {'Value': '40f6ddf180789455eeee33adbb7c90b1732b3d2a5f461e2d1331028f9b05e336', 'Algorithm': 'BLAKE3', 'ChecksumDate': '2024-02-08T05:25:18.077890Z'}]","{'Start': '2024-01-18T14:16:32.111437Z', 'End': '2024-01-18T14:16:59.149560Z'}","geography'SRID=4326;POLYGON ((-121.985 36.3776, -121.589 38.0035, -124.459 38.4017, -124.791 36.7772, -121.985 36.3776))'","{'type': 'Polygon', 'coordinates': [[[-121.985, 36.3776], [-121.589, 38.0035], [-124.459, 38.4017], [-124.791, 36.7772], [-121.985, 36.3776]]]}",2024-01-18 14:16:32.111437+00:00,2024-01-18 14:16:59.149560+00:00,71.14256286621094
application/octet-stream,5e1bb242-2d2f-4f5e-9b3c-757dd4986d93,S1A_IW_ETA__AXDV_20240125T020751_20240125T020818_052257_06514F_ADCC.SAFE,application/octet-stream,80370229,2024-02-14T17:27:19.894000Z,2024-02-14T17:33:24.182673Z,2024-02-14T17:33:26.360644Z,True,9999-12-31T23:59:59.999999Z,/eodata/Sentinel-1/AUX/IW_ETA__AX/2024/01/25/S1A_IW_ETA__AXDV_20240125T020751_20240125T020818_052257_06514F_ADCC.SAFE,"[{'Value': '61e36b674a0204c58eb679d2fdab0065', 'Algorithm': 'MD5', 'ChecksumDate': '2024-02-14T17:33:25.874289Z'}, {'Value': '255b3232777d6afd2b9f64820bd9ea749a120537951e67d19dae5a3087575198', 'Algorithm': 'BLAKE3', 'ChecksumDate': '2024-02-14T17:33:26.057140Z'}]","{'Start': '2024-01-25T02:07:51.583578Z', 'End': '2024-01-25T02:08:18.621701Z'}","geography'SRID=4326;POLYGON ((-123.455 36.0419, -120.639 36.4446, -120.977 38.0685, -123.848 37.6681, -123.455 36.0419))'","{'type': 'Polygon', 'coordinates': [[[-123.455, 36.0419], [-120.639, 36.4446], [-120.977, 38.0685], [-123.848, 37.6681], [-123.455, 36.0419]]]}",2024-01-25 02:07:51.583578+00:00,2024-01-25 02:08:18.621701+00:00,76.64702320098877
application/octet-stream,dfc35d1b-44d5-4b08-8044-93d732779f80,S1A_IW_ETA__AXDV_20240125T140808_20240125T140835_052264_06518C_B378.SAFE,application/octet-stream,81968269,2024-02-15T05:26:19.921000Z,2024-02-15T05:32:24.122922Z,2024-02-15T05:32:26.619710Z,True,9999-12-31T23:59:59.999999Z,/eodata/Sentinel-1/AUX/IW_ETA__AX/2024/01/25/S1A_IW_ETA__AXDV_20240125T140808_20240125T140835_052264_06518C_B378.SAFE,"[{'Value': '0c05e1b26635e954208e8febcb7a40b2', 'Algorithm': 'MD5', 'ChecksumDate': '2024-02-15T05:32:25.823117Z'}, {'Value': '117f0c7926f959ab5270aea7c4d58a0f3cf439b0a0da0e9c9824bdd8f43c293a', 'Algorithm': 'BLAKE3', 'ChecksumDate': '2024-02-15T05:32:26.021875Z'}]","{'Start': '2024-01-25T14:08:08.357771Z', 'End': '2024-01-25T14:08:35.395894Z'}","geography'SRID=4326;POLYGON ((-119.78 36.976, -119.414 38.6066, -122.276 38.9994, -122.607 37.3748, -119.78 36.976))'","{'type': 'Polygon', 'coordinates': [[[-119.78, 36.976], [-119.414, 38.6066], [-122.276, 38.9994], [-122.607, 37.3748], [-119.78, 36.976]]]}",2024-01-25 14:08:08.357771+00:00,2024-01-25 14:08:35.395894+00:00,78.17103290557861
application/octet-stream,6417bb03-d86e-40fc-ae79-d4dece247745,S1A_IW_ETA__AXDV_20240130T141631_20240130T141658_052337_065414_9F21.SAFE,application/octet-stream,74568622,2024-02-20T05:23:19.718000Z,2024-02-20T05:29:15.387927Z,2024-02-20T05:29:17.229385Z,True,9999-12-31T23:59:59.999999Z,/eodata/Sentinel-1/AUX/IW_ETA__AX/2024/01/30/S1A_IW_ETA__AXDV_20240130T141631_20240130T141658_052337_065414_9F21.SAFE,"[{'Value': 'e3c634e12ac62f71cf35d47cd5d007ce', 'Algorithm': 'MD5', 'ChecksumDate': '2024-02-20T05:29:16.929273Z'}, {'Value': '5f9dd41e5bcbcd1c30d8093c35683ae99e74b15b5c5f2d896b983eabe3cafa7f', 'Algorithm': 'BLAKE3', 'ChecksumDate': '2024-02-20T05:29:17.103931Z'}]","{'Start': '2024-01-30T14:16:31.906158Z', 'End': '2024-01-30T14:16:58.973607Z'}","geography'SRID=4326;POLYGON ((-121.987 36.3771, -121.591 38.0048, -124.461 38.4029, -124.793 36.7766, -121.987 36.3771))'","{'type': 'Polygon', 'coordinates': [[[-121.987, 36.3771], [-121.591, 38.0048], [-124.461, 38.4029], [-124.793, 36.7766], [-121.987, 36.3771]]]}",2024-01-30 14:16:31.906158+00:00,2024-01-30 14:16:58.973607+00:00,71.11417961120605
application/octet-stream,09546cad-81c0-4143-9868-4f546cc74520,S1A_IW_ETA__AXDV_20240206T020751_20240206T020818_052432_06573F_2601.SAFE,application/octet-stream,79867177,2024-02-26T17:32:50.897000Z,2024-02-26T17:38:36.826872Z,2024-02-26T17:38:38.593025Z,True,9999-12-31T23:59:59.999999Z,/eodata/Sentinel-1/AUX/IW_ETA__AX/2024/02/06/S1A_IW_ETA__AXDV_20240206T020751_20240206T020818_052432_06573F_2601.SAFE,"[{'Value': '161bf11ff56a9f379244929a553ba04f', 'Algorithm': 'MD5', 'ChecksumDate': '2024-02-26T17:38:38.293380Z'}, {'Value': 'd1e4f8de759fd2429b0f48f5ed6c0b45c38d44843b9fd52155b6b70cd334cf43', 'Algorithm': 'BLAKE3', 'ChecksumDate': '2024-02-26T17:38:38.437461Z'}]","{'Start': '2024-02-06T02:07:51.202346Z', 'End': '2024-02-06T02:08:18.240469Z'}","geography'SRID=4326;POLYGON ((-123.454 36.0418, -120.639 36.4446, -120.976 38.0684, -123.848 37.6681, -123.454 36.0418))'","{'type': 'Polygon', 'coordinates': [[[-123.454, 36.0418], [-120.639, 36.4446], [-120.976, 38.0684], [-123.848, 37.6681], [-123.454, 36.0418]]]}",2024-02-06 02:07:51.202346+00:00,2024-02-06 02:08:18.240469+00:00,76.16727542877197
application/octet-stream,3bf704b0-c72b-4375-a0d3-70854f6ec727,S1A_IW_ETA__AXDV_20240206T140807_20240206T140834_052439_06577C_2F56.SAFE,application/octet-stream,82203680,2024-02-27T05:21:50.220000Z,2024-02-27T05:27:47.083064Z,2024-02-27T05:27:49.162779Z,True,9999-12-31T23:59:59.999999Z,/eodata/Sentinel-1/AUX/IW_ETA__AX/2024/02/06/S1A_IW_ETA__AXDV_20240206T140807_20240206T140834_052439_06577C_2F56.SAFE,"[{'Value': 'de31e1f836a3e787d2a5e2fec72b5804', 'Algorithm': 'MD5', 'ChecksumDate': '2024-02-27T05:27:48.706902Z'}, {'Value': '3e41e1705a7f6bf68c2ba467101320b43e97f6dc0db1daf86eb9940c431ed59c', 'Algorithm': 'BLAKE3', 'ChecksumDate': '2024-02-27T05:27:48.865484Z'}]","{'Start': '2024-02-06T14:08:07.888563Z', 'End': '2024-02-06T14:08:34.926686Z'}","geography'SRID=4326;POLYGON ((-119.779 36.9769, -119.413 38.6075, -122.275 39.0003, -122.606 37.3757, -119.779 36.9769))'","{'type': 'Polygon', 'coordinates': [[[-119.779, 36.9769], [-119.413, 38.6075], [-122.275, 39.0003], [-122.606, 37.3757], [-119.779, 36.9769]]]}",2024-02-06 14:08:07.888563+00:00,2024-02-06 14:08:34.926686+00:00,78.39553833007812
application/octet-stream,4335ae25-33fc-4393-b2dd-fc610476fcf4,S1A_IW_ETA__AXDV_20240211T141631_20240211T141658_052512_0659F8_BA0E.SAFE,application/octet-stream,75385985,2024-03-03T05:17:20.358000Z,2024-03-03T05:22:59.896037Z,2024-03-03T05:23:01.670017Z,True,9999-12-31T23:59:59.999999Z,/eodata/Sentinel-1/AUX/IW_ETA__AX/2024/02/11/S1A_IW_ETA__AXDV_20240211T141631_20240211T141658_052512_0659F8_BA0E.SAFE,"[{'Value': '6f5c7cf2d5c3b32007b59e2a5eb9d961', 'Algorithm': 'MD5', 'ChecksumDate': '2024-03-03T05:23:01.386329Z'}, {'Value': '9abdbd0bfd5daefedb7f7883b631e072a4e808cf01727365d2c7e5e881176860', 'Algorithm': 'BLAKE3', 'ChecksumDate': '2024-03-03T05:23:01.519565Z'}]","{'Start': '2024-02-11T14:16:31.495601Z', 'End': '2024-02-11T14:16:58.563050Z'}","geography'SRID=4326;POLYGON ((-121.988 36.3758, -121.592 38.0035, -124.462 38.4016, -124.794 36.7753, -121.988 36.3758))'","{'type': 'Polygon', 'coordinates': [[[-121.988, 36.3758], [-121.592, 38.0035], [-124.462, 38.4016], [-124.794, 36.7753], [-121.988, 36.3758]]]}",2024-02-11 14:16:31.495601+00:00,2024-02-11 14:16:58.563050+00:00,71.89367771148682
application/octet-stream,1466d861-a230-4874-9127-9bdfc2c49855,S1A_IW_ETA__AXDV_20240218T020751_20240218T020818_052607_065D20_7249.SAFE,application/octet-stream,80212538,2024-03-09T17:29:20.665000Z,2024-03-09T17:34:32.515404Z,2024-03-09T17:34:34.609093Z,True,9999-12-31T23:59:59.999999Z,/eodata/Sentinel-1/AUX/IW_ETA__AX/2024/02/18/S1A_IW_ETA__AXDV_20240218T020751_20240218T020818_052607_065D20_7249.SAFE,"[{'Value': '2de8593e2d318f4de97174c8e6dd3206', 'Algorithm': 'MD5', 'ChecksumDate': '2024-03-09T17:34:34.208256Z'}, {'Value': '678b5e20c2822c50d81a0a781dc20a12f7933da509f41996943406cd8ffb0f5a', 'Algorithm': 'BLAKE3', 'ChecksumDate': '2024-03-09T17:34:34.400920Z'}]","{'Start': '2024-02-18T02:07:51.085044Z', 'End': '2024-02-18T02:08:18.123167Z'}","geography'SRID=4326;POLYGON ((-123.455 36.0419, -120.64 36.4447, -120.978 38.0686, -123.849 37.6682, -123.455 36.0419))'","{'type': 'Polygon', 'coordinates': [[[-123.455, 36.0419], [-120.64, 36.4447], [-120.978, 38.0686], [-123.849, 37.6682], [-123.455, 36.0419]]]}",2024-02-18 02:07:51.085044+00:00,2024-02-18 02:08:18.123167+00:00,76.49663734436035
application/octet-stream,310580e7-4d72-4684-be84-d5a4a68575fc,S1A_IW_ETA__AXDV_20240218T140807_20240218T140834_052614_065D61_0243.SAFE,application/octet-stream,81884827,2024-03-10T05:20:49.811000Z,2024-03-10T05:26:31.117321Z,2024-03-10T05:26:32.806335Z,True,9999-12-31T23:59:59.999999Z,/eodata/Sentinel-1/AUX/IW_ETA__AX/2024/02/18/S1A_IW_ETA__AXDV_20240218T140807_20240218T140834_052614_065D61_0243.SAFE,"[{'Value': '136c1edb9cf2da6de88b0e277714762d', 'Algorithm': 'MD5', 'ChecksumDate': '2024-03-10T05:26:32.549442Z'}, {'Value': 'eceb564b5493f9c56199b36e90fa1c280ba74f2799883fc9cbeb88da17f2910b', 'Algorithm': 'BLAKE3', 'ChecksumDate': '2024-03-10T05:26:32.681620Z'}]","{'Start': '2024-02-18T14:08:07.829912Z', 'End': '2024-02-18T14:08:34.868035Z'}","geography'SRID=4326;POLYGON ((-119.78 36.9766, -119.414 38.6071, -122.276 39, -122.606 37.3753, -119.78 36.9766))'","{'type': 'Polygon', 'coordinates': [[[-119.78, 36.9766], [-119.414, 38.6071], [-122.276, 39.0], [-122.606, 37.3753], [-119.78, 36.9766]]]}",2024-02-18 14:08:07.829912+00:00,2024-02-18 14:08:34.868035+00:00,78.09145641326904
application/octet-stream,d00d1bda-0d4f-44b2-abb5-0abad20f1cbd,S1A_IW_ETA__AXDV_20240223T141631_20240223T141658_052687_065FEB_B986.SAFE,application/octet-stream,75813571,2024-03-15T05:37:51.823000Z,2024-03-15T05:43:42.406111Z,2024-03-15T05:43:44.154568Z,True,9999-12-31T23:59:59.999999Z,/eodata/Sentinel-1/AUX/IW_ETA__AX/2024/02/23/S1A_IW_ETA__AXDV_20240223T141631_20240223T141658_052687_065FEB_B986.SAFE,"[{'Value': 'c5a4b5d2c434bc5c5323469b704940bb', 'Algorithm': 'MD5', 'ChecksumDate': '2024-03-15T05:43:43.889371Z'}, {'Value': 'db403311589ef09f4333ea3ab83a55ba2fb31e1db36f493f2f7ee0e9c6ad02e8', 'Algorithm': 'BLAKE3', 'ChecksumDate': '2024-03-15T05:43:44.026383Z'}]","{'Start': '2024-02-23T14:16:31.378299Z', 'End': '2024-02-23T14:16:58.445748Z'}","geography'SRID=4326;POLYGON ((-121.988 36.3771, -121.592 38.0048, -124.462 38.4029, -124.794 36.7765, -121.988 36.3771))'","{'type': 'Polygon', 'coordinates': [[[-121.988, 36.3771], [-121.592, 38.0048], [-124.462, 38.4029], [-124.794, 36.7765], [-121.988, 36.3771]]]}",2024-02-23 14:16:31.378299+00:00,2024-02-23 14:16:58.445748+00:00,72.3014554977417
